{
  "Information": [
    "This file provides default values for the deployment wizard inside Visual Studio and the AWS Lambda commands added to the .NET Core CLI.",
    "To learn more about the Lambda commands with the .NET Core CLI execute the following command at the command line in the project root directory.",
    "dotnet lambda help",
    "All the command line options for the Lambda command can be specified in this file."
  ],
  "profile": "DefaultProfile",
  "region": "DefaultRegion",
  "configuration": "Release",
  "framework": "netcoreapp2.1",
  "s3-prefix": "BlueprintBaseName.1/",
  "template": "serverless.template",
  "template-parameters": "",
  "s3-bucket": "",
  "stack-name": ""
}