<?xml version="1.0"?>
<doc>
    <assembly>
        <name>Oasp4Net.Service.Controllers</name>
    </assembly>
    <members>
        <member name="T:Oasp4Net.Service.Controllers.Controllers.EntityController">
            <summary>
            Management of Dish entity
            </summary>
        </member>
        <member name="M:Oasp4Net.Service.Controllers.Controllers.EntityController.Get">
            <summary>
            Gets the full list of available entites
            </summary>
            <returns></returns>
            <response code="201">Returns the newly created item</response>
            <response code="400">If the item is null</response>
            <response code="200">ok</response>
        </member>
    </members>
</doc>
