<?xml version="1.0"?>

<doc>
  <assembly>
    <name>Oasp4NetCore.Business.Controller</name>
  </assembly>
  <members>
    <member name="T:Oasp4NetCore.Business.Controller.Controllers.BookingController">
      <summary>
        API to
      </summary>
    </member>
    <member
      name="M:Oasp4NetCore.Business.Controller.Controllers.BookingController.SaveReservation(Oasp4Net.Business.CoreViews.Views.ReservationView)">
      <summary>
        Method to make a reservation with potentiel guests. The method returns the reservation token with the format: {(CRS_|GRS_)}{now.Year}{now.Month:00}{now.Day:00}{_}{MD5({Guest-email}{now.Year}{now.Month:00}{now.Day:00}{now.Hour:00}{now.Minute:00}{now.Second:00})}
      </summary>
      <param name="reservationView"></param>
      <returns></returns>
      <response code="201">Ok.</response>
      <response code="400">Bad request. Parser data error.</response>
      <response code="401">Unathorized. Autentication fail</response>
      <response code="403">Forbidden. Authorization error.</response>
      <response code="500">Internal Server Error. The search process ended with error.</response>
    </member>
    <member name="T:Oasp4NetCore.Business.Controller.Controllers.DishController">
      <summary>
        Management of Dish entity
      </summary>
    </member>
    <member
      name="M:Oasp4NetCore.Business.Controller.Controllers.DishController.Search(Oasp4Net.Business.CoreViews.Views.FilterView)">
      <summary>
        Gets the  list of available dishes regarding the filter options
      </summary>
      <param name="filterView">Contains the criteria values to perform the search. Case of null or empty values will return the full set of dishes.</param>
      <returns></returns>
      <response code="200"> Ok. The search process has beencompleted with no error.</response>
      <response code="401">Unathorized. Autentication fail</response>
      <response code="403">Forbidden. Authorization error.</response>
      <response code="500">Internal Server Error. The search process ended with error.</response>
    </member>
    <member
      name="M:Oasp4NetCore.Business.Controller.Controllers.MailController.UpdateInvitation(System.String,System.Boolean)">
      <summary>
        Method to accept or decline an invitation
      </summary>
      <param name="guestToken">Token generated in the reservation process where guests are invited.</param>
      <param name="guestResponse">True : The user accepts the invitation. False: The user declines the invitation. </param>
      <response code="204"> Ok, no content. The search process has beencompleted with no error.</response>
      <response code="400">Bad request. The invitation cannot be cancelled because the request is 10 minutes before the event after being accepted before. </response>
      <response code="401">Unathorized. Autentication fail</response>
      <response code="403">Forbidden. Authorization error.</response>
      <response code="500">Internal Server Error. The search process ended with error.</response>
    </member>
    <member name="M:Oasp4NetCore.Business.Controller.Controllers.MailController.CancelInvitation(System.String)">
      <summary>
        Method to cancel the invitation. Once is cancelled the system will send a cancelation email to all guests.
        An invitation only can be canceled if the cancelation request is not send an hour before the reservation
      </summary>
      <param name="reservationToken">Token generated in the reservation process where guests are invited. Mandatory</param>
      <response code="204"> Ok, no content. Invitation canceled </response>
      <response code="400">Bad Request. Incorrect Invitation token given or parse error.The invitation cannot be cancelled because the request is an hour before the event.</response>
      <response code="401">Unathorized. Autentication fail</response>
      <response code="403">Forbidden. Authorization error.</response>
      <response code="500">Internal Server Error. The search process ended with error.</response>
    </member>
    <member
      name="M:Oasp4NetCore.Business.Controller.Controllers.OrderController.Order(Oasp4Net.Business.CoreViews.Views.OrderView)">
      <summary>
        Order the order. Given an order view, the server side will prepare the different order lines.
      </summary>
      <param name="orderView">The model of the ordert to be processed on the server side. The InvitationToken field is mandatory. </param>
      <returns></returns>
      <response code="201"> Ok. Created </response>
      <response code="400">Bad Request. No Invitation token given.</response>
      <response code="401">Unathorized. Autentication fail</response>
      <response code="403">Forbidden. Authorization error.</response>
      <response code="500">Internal Server Error. The search process ended with error.</response>
    </member>
    <member name="M:Oasp4NetCore.Business.Controller.Controllers.OrderController.Delete(System.String)">
      <summary>
        Method to delete the order. Once the order is deleted the system will send a cancelation email to all guests.
      </summary>
      <param name="reservationToken"></param>
      <response code="204"> Ok, no content. Invitation canceled </response>
      <response code="400">Bad Request. Incorrect Invitation token given or parse error.</response>
      <response code="401">Unathorized. Autentication fail</response>
      <response code="403">Forbidden. Authorization error.</response>
      <response code="500">Internal Server Error. The search process ended with error.</response>
    </member>
    <member name="M:Oasp4NetCore.Business.Controller.Controllers.ValuesController.Get(System.Int32)">
      <summary>
        Returns a specific value based on the ID you request
      </summary>
      <param name="id">The ID of the value you want to return</param>
      <returns>A value</returns>
    </member>
  </members>
</doc>