<?xml version="1.0"?>
<doc>
    <assembly>
        <name>Oasp4NetCore.Business.Controller</name>
    </assembly>
    <members>
        <member name="M:Oasp4NetCore.Business.Controller.Controllers.ValuesController.Get">
            <summary>
                Thi method shows the get method
            </summary>
            <returns>A string containing a pair key-Value</returns>
            <response code="201">Account created</response>
            <response code="400">Username already in use</response>
        </member>
        <member name="M:Oasp4NetCore.Business.Controller.Controllers.ValuesController.Get(System.Int32)">
            <summary>
                Deletes a specific TodoItem.
            </summary>
            <param name="id"></param>
        </member>
        <member name="M:Oasp4NetCore.Business.Controller.Controllers.ValuesController.Post(System.String)">
            <summary>
                Creates a TodoItem.
            </summary>
            <remarks>
                Note that the key is a GUID and not an integer.
                POST /Todo
                {
                "key": "0e7ad584-7788-4ab1-95a6-ca0a5b444cbb",
                "name": "Item1",
                "isComplete": true
                }
            </remarks>
            <param name="value"></param>
            <returns>New Created Todo Item</returns>
            <response code="201">Returns the newly created item</response>
            <response code="400">If the item is null</response>
        </member>
        <member name="M:Oasp4NetCore.Business.Controller.Controllers.ValuesController.Delete(System.Int32)">
            <summary>
                Deletes a specific TodoItem.
            </summary>
            <param name="id"></param>
        </member>
    </members>
</doc>
